{"cameraMode":{"drawMode":0,"name":"Shaded","section":"Shading Mode"},"sceneLighting":false,"audioPlay":false,"sceneViewState":{"m_AlwaysRefresh":false,"showFog":true,"showSkybox":false,"showFlares":true,"showImageEffects":true,"showParticleSystems":true,"showVisualEffectGraphs":true,"m_FxEnabled":true},"in2DMode":false,"pivot":{"x":72.83788299560547,"y":-1.6967355012893677,"z":14.45138931274414},"rotation":{"x":-0.010354606434702874,"y":-0.8850436806678772,"z":0.46679946780204775,"w":-0.014592872001230717},"size":3.8255720138549806,"orthographic":false}