{"cameraMode":{"drawMode":0,"name":"Shaded","section":"Shading Mode"},"sceneLighting":false,"audioPlay":false,"sceneViewState":{"m_AlwaysRefresh":false,"showFog":true,"showSkybox":false,"showFlares":true,"showImageEffects":true,"showParticleSystems":true,"showVisualEffectGraphs":true,"m_FxEnabled":true},"in2DMode":false,"pivot":{"x":0.14654487371444703,"y":0.029704809188842775,"z":-0.12887246906757356},"rotation":{"x":-0.20957458019256593,"y":-0.6962149739265442,"z":0.22473087906837464,"w":-0.6488843560218811},"size":0.8071665167808533,"orthographic":false}