{"cameraMode":{"drawMode":0,"name":"Shaded","section":"Shading Mode"},"sceneLighting":false,"audioPlay":false,"sceneViewState":{"m_AlwaysRefresh":false,"showFog":true,"showSkybox":false,"showFlares":true,"showImageEffects":true,"showParticleSystems":true,"showVisualEffectGraphs":true,"m_FxEnabled":true},"in2DMode":false,"pivot":{"x":0.33868518471717837,"y":0.24449610710144044,"z":0.27012529969215395},"rotation":{"x":-0.11870458722114563,"y":0.8810133934020996,"z":-0.33649030327796938,"w":-0.31101325154304507},"size":1.0782313346862794,"orthographic":false}