{"cameraMode":{"drawMode":0,"name":"Shaded","section":"Shading Mode"},"sceneLighting":false,"audioPlay":false,"sceneViewState":{"m_AlwaysRefresh":false,"showFog":true,"showSkybox":false,"showFlares":true,"showImageEffects":true,"showParticleSystems":true,"showVisualEffectGraphs":true,"m_FxEnabled":true},"in2DMode":false,"pivot":{"x":0.008444547653198243,"y":1.265906810760498,"z":3.0187430381774904},"rotation":{"x":0.022219322621822358,"y":-0.8953409790992737,"z":0.4428245723247528,"w":0.044902902096509936},"size":0.7277925610542297,"orthographic":false}